{"accuracy": [0.6727398633956909, 0.732011079788208, 0.7465406060218811, 0.7571494579315186, 0.7629151344299316, 0.7608394622802734, 0.7659133076667786, 0.76752769947052, 0.7705258131027222, 0.7666051387786865, 0.7799815535545349, 0.7781365513801575, 0.7892066240310669, 0.7827490568161011, 0.7848247289657593, 0.7903597950935364, 0.6817343235015869, 0.7419280409812927, 0.7463099360466003, 0.7636070251464844, 0.7525368928909302, 0.767758309841156, 0.7735239863395691], "loss": [0.8166757225990295, 0.6592990756034851, 0.6435519456863403, 0.6386858224868774, 0.6222967505455017, 0.6151096224784851, 0.5994174480438232, 0.594543993473053, 0.6080282330513, 0.591279149055481, 0.5753982663154602, 0.576930820941925, 0.5539984107017517, 0.5427870154380798, 0.5669113993644714, 0.5397117733955383, 0.8252120614051819, 0.6734226942062378, 0.644291341304779, 0.6139227151870728, 0.6289454102516174, 0.59169602394104, 0.5936298966407776], "val_accuracy": [0.7506925463676453, 0.7525392174720764, 0.7396121621131897, 0.7608494758605957, 0.7377654910087585, 0.769159734249115, 0.6943674683570862, 0.6648199558258057, 0.7848568558692932, 0.7229917049407959, 0.7414588928222656, 0.7322252988815308, 0.7239150404930115, 0.7469990849494934, 0.7063711881637573, 0.7340720295906067, 0.7774699926376343, 0.7654662728309631, 0.7608494758605957, 0.7534626126289368, 0.7553093433380127, 0.7506925463676453, 0.7534626126289368], "val_loss": [0.5969946384429932, 0.5946890711784363, 0.5788007974624634, 0.5587643384933472, 0.5723097920417786, 0.5532386898994446, 0.6577675342559814, 0.6510283350944519, 0.5327919125556946, 0.5955637693405151, 0.5660427808761597, 0.5736365914344788, 0.5864328742027283, 0.5675867199897766, 0.5954276919364929, 0.5753175020217896, 0.5428755283355713, 0.5498135089874268, 0.5683599710464478, 0.5777838826179504, 0.5673801302909851, 0.5667998790740967, 0.5705246329307556], "learning_rate": [0.0010000000474974513, 0.0010000000474974513, 0.0010000000474974513, 0.0010000000474974513, 0.0010000000474974513, 0.0010000000474974513, 0.0010000000474974513, 0.0010000000474974513, 0.0010000000474974513, 0.0010000000474974513, 0.0010000000474974513, 0.0010000000474974513, 0.0005000000237487257, 0.0005000000237487257, 0.0005000000237487257, 0.0002500000118743628, 9.999999747378752e-06, 9.999999747378752e-06, 9.999999747378752e-06, 4.999999873689376e-06, 4.999999873689376e-06, 4.999999873689376e-06, 2.499999936844688e-06]}